Single Agent,Global Agent
-0.9639132344118989,-0.6462891296869624
-1.539998464358244,-1.4117515065063457
-1.4207725619709064,-1.3886943770167453
-1.1000627434630303,-1.196087223130441
-1.4644032191086698,-0.9596384045377852
