Single Agent,Global Agent
-0.7567991395673945,-0.5449730056050376
-1.631790739908234,-1.0911965768804557
-1.458773271744118,-1.0093044514967888
-1.2020531457282633,-1.0231018766545084
-1.2208806509406354,-1.5842705195823745
