Single Agent,Global Agent
-0.8265880317324475,-0.6646723765814984
-1.3822063325369298,-1.2283888100734734
-1.3916035967770093,-1.1095353797675778
-1.127913982875283,-1.4402203217915293
-1.6324018106267844,-1.2198793416001876
