Single Agent,Global Agent
-0.848690712954066,-0.7726646816906766
-1.7439966412119459,-1.408525134015045
-0.9868355137497326,-1.1609066011387992
-1.1910126058152375,-1.3728106066238162
-1.4368150605621015,-1.4597061681000747
